"donor_id","omega","active"
"1005010534216",0.00207606215910078,TRUE
"1005016136153",0.00137543480981304,TRUE
"1055015862556",0.000783297986755208,TRUE
"1095015331733",0.000231855067729335,FALSE
"1420011528730",0,FALSE
"1560007518366",0.00350662239368295,TRUE
"1560015503395",0.00075977131412797,TRUE
"1560016144990",0.000785128669888449,TRUE
"1560016190198",0,FALSE
"1560016216627",0.000757807407645705,TRUE
"1560016492749",0.00158244584905949,TRUE
"1615011122994",0.000533773282576922,TRUE
"1615012027132",6.39691875579743e-05,FALSE
"1640015300048",0.000771883411560113,TRUE
"1650002392283",0,FALSE
"1650005927900",0.000819698303500633,TRUE
"1650006945085",0.000265941329391846,FALSE
"1650011594809",0.000782069677827204,TRUE
"1650015895037",0.000788187432440284,TRUE
"1660011545502",0.000506521212774149,TRUE
"1660012535106",0.000867495576017647,TRUE
"1660016018930",0.000786542837449604,TRUE
"1670992531784",0.00125116804354073,TRUE
"1680001064546",0,FALSE
"1680011143932",0.000754357888338102,TRUE
"1680011372857",0.000288680337994929,FALSE
"1680012526375",0.00249044816751747,TRUE
"1680012703918",0.000786248160455477,TRUE
"1680014886494",0,FALSE
"1680015026122",0.000758136814990323,TRUE
"1680015592493",0.000888111484415392,TRUE
"1680015728108",0.00136878061809394,TRUE
"1730011581651",0,FALSE
"1730015004443",0.000348633077843687,FALSE
"1730015289938",0.000183590160852102,FALSE
"1730016148602",0.00062055748877036,TRUE
"1730016148613",0.000863458220727631,TRUE
"1740006024545",0.0003540018593121,FALSE
"1740014986164",0.00100754406358721,TRUE
"1740014986192",0.000160600815563852,FALSE
"1740015358140",0.000713685418701576,TRUE
"1740015805136",0.000523271377797121,TRUE
"2040013012274",0.00115073445454274,TRUE
"2040013542939",0.000120322091980124,FALSE
"2040013925220",0.000894440489675565,TRUE
"2040014762660",0.00077702689386592,TRUE
"2040014762751",0.000793020982130366,TRUE
"2040014763458",0.000786788090131773,TRUE
"2040014764834",0.000786387635787612,TRUE
"2040014767238",0.000777613302778747,TRUE
"2040014767326",0.000782971707324625,TRUE
"2040014767581",0.00077350902301248,TRUE
"2040014787859",0.000801358046784673,TRUE
"2040014788438",0.000785353718656699,TRUE
"2040014794369",0.000777902402588349,TRUE
"2040016611550",0.000814542503444021,TRUE
"2090003726064",0.000386586112860344,FALSE
"2090010642626",0,FALSE
"2090015061869",0.000725871497666617,TRUE
"2090015195586",0.00126079705247096,TRUE
"2510014541279",0.00181918668711313,TRUE
"2530013650194",0.00076403064462471,TRUE
"2530015587238",0.000793365002105827,TRUE
"2530016093439",0.00148051792027034,TRUE
"2540014426213",0.0012335309092797,TRUE
"2590014791425",0,FALSE
"2590015211328",0.000312358017846746,FALSE
"2590994231590",0.00148852051560114,TRUE
"2610015990317",0.00116131585587949,TRUE
"2610016070189",0.00103565233010535,TRUE
"2610016105474",0.00102860501980159,TRUE
"2610016237103",0.000515126031886435,TRUE
"2610016441336",0.0006276454975581,TRUE
"2610016551799",0.000681613112032185,TRUE
"2610016685820",0.000622155178959998,TRUE
"2815013188526",0.000243417527159769,FALSE
"2835015462498",0,FALSE
"2840000160832",0.00197379786438376,TRUE
"2910010402811",0.000348110148389685,FALSE
"2910015574409",0.000374472722175593,FALSE
"2910016543634",0,FALSE
"2910016591086",0,FALSE
"2915010575188",0.000629226949129761,TRUE
"2915015978697",0.000765111462695823,TRUE
"2920012083410",0.000205383546678744,FALSE
"2920015899510",0.00120235779779717,TRUE
"2930011579016",0,FALSE
"2940016034682",0.000773699470026623,TRUE
"2945015536535",0.00077767161658651,TRUE
"2995009612553",0.00160913684240304,TRUE
"3010000550830",0,FALSE
"3030013821431",0.00112175678135347,TRUE
"3040013484478",0.000624368458049128,TRUE
"3040013578756",0.000640710073025719,TRUE
"3040014767534",0.000773927704630577,TRUE
"3040014767650",0.000405591008601599,FALSE
"3040015323402",0,FALSE
"3040015684469",0.000978605792783291,TRUE
"3040016503101",0.000791335976728913,TRUE
"3040016546677",0.000382933470250406,FALSE
"3040016714247",0.000762651989895986,TRUE
"3120005855108",0.000884987240716485,TRUE
"3120006628425",0.00288399212616535,TRUE
"3120014737066",0.000858673855883201,TRUE
"3120016516397",0.000641426795713881,TRUE
"3120016698723",0.000639694201758673,TRUE
"3130014182842",0.000320598130693889,FALSE
"3130014184543",0.000526489172830289,TRUE
"3417016002321",0.000443756819008811,TRUE
"3431014620076",0,FALSE
"3431014645934",0.00078656867677463,TRUE
"3439000181655",0.000607921751511189,TRUE
"3439013842071",0.000769311342654749,TRUE
"3439014760901",0,FALSE
"3445010519998",0.00172045192914627,TRUE
"3510013170968",0.000933662580228686,TRUE
"3510014591387",0.000246379394142916,FALSE
"3510014758829",0.00236539065575708,TRUE
"3510015471894",0.000540542957297865,TRUE
"3510015979401",0.000154260631056937,FALSE
"3510016099895",0.00150409472010213,TRUE
"3940015739131",0.000340182430606032,FALSE
"3950011673909",0.0043675729669643,TRUE
"3950015512486",0,FALSE
"3950015735565",0.000656864070264749,TRUE
"3990011873615",0.00041130851321232,TRUE
"4010015975291",0.00102110201269055,TRUE
"4020007536555",0.000936318902673338,TRUE
"4020011876317",0.000392052117246316,FALSE
"4020013878795",0.000472968514185719,TRUE
"4020015769216",0,FALSE
"4020016162998",0.000726596010296847,TRUE
"4030251503538",0,FALSE
"4110015107003",0,FALSE
"4110016001799",0.00189844063537073,TRUE
"4120016281437",0,FALSE
"4130013895188",0.000447680877514688,TRUE
"4130013896871",0.000158322494381278,FALSE
"4130014091424",0.000781208469577004,TRUE
"4130014392870",0.00145772148504675,TRUE
"4130014697699",0.000462510695156067,TRUE
"4130014860998",0.000433935446240444,TRUE
"4130015040657",0.00114036972446674,TRUE
"4130015189136",0.00025335894179906,FALSE
"4130015374404",0.000594967340955268,TRUE
"4130015516656",0.0029085792343928,TRUE
"4140011212174",0.000373515573371855,FALSE
"4140012584046",0.000248519380243595,FALSE
"4140012683272",0.0010352106154568,TRUE
"4140012851336",0.000776550147396777,TRUE
"4140014121563",0.000141433006020521,FALSE
"4140014606912",0.000140985038429365,FALSE
"4210010386001",0,FALSE
"4210012459850",0.000363610472902922,FALSE
"4210013616921",0.000400153383501173,FALSE
"4210014161585",0.005696786840614,TRUE
"4210014673616",0.00195426499950576,TRUE
"4210014765017",0.000388738878946621,FALSE
"4210014765024",0.000461126192113913,TRUE
"4210014901822",0.00185148116212064,TRUE
"4210015686245",0.000632255247152547,TRUE
"4210016118993",0.000377501397710525,FALSE
"4210016541451",0.000365504255918502,FALSE
"4220014709906",0,FALSE
"4220014851135",0.000407579932538303,FALSE
"4220014872932",0.000314403148498796,FALSE
"4220015245315",0.000498205876081754,TRUE
"4220015245323",0.000424604261926815,TRUE
"4220016593551",0.000683691910854026,TRUE
"4230014368833",0.000373178292624706,FALSE
"4230014368849",0.000774082273669479,TRUE
"4240010853721",0.00520929762052172,TRUE
"4240012434201",0.00123566707020489,TRUE
"4240012478929",0.000767057945122413,TRUE
"4240012488165",0.000776535800081885,TRUE
"4240012492573",0.00386487379354184,TRUE
"4240012518160",0.000217538029001335,FALSE
"4240012581245",0.00321959595551042,TRUE
"4240013084400",0.000505587811610477,TRUE
"4240013422852",0.000766762085913162,TRUE
"4240013422857",0.000728595741713845,TRUE
"4240014528331",0.000596149472927491,TRUE
"4240014548538",0.000494261546154069,TRUE
"4240014729612",0.00038085414430292,FALSE
"4240014789216",0.00173472135064895,TRUE
"4240014925720",0.000349875052098575,FALSE
"4240015041037",0.000330742531204963,FALSE
"4240015253095",0.000319573383023129,FALSE
"4240015274051",0.00175395298764069,TRUE
"4240015583950",0.000109518080932599,FALSE
"4240015641634",0.000783898030328399,TRUE
"4240015765668",0,FALSE
"4240015835742",0.000370224085603619,FALSE
"4240016020610",0.000766754702385128,TRUE
"4240016023963",0.00100803981440813,TRUE
"4240016109970",0.000776495450214289,TRUE
"4240016265706",0.00194084857020498,TRUE
"4250016671363",0.00336021052429676,TRUE
"4310013652612",0.000606258342102693,TRUE
"4310014562989",0.000700923725173184,TRUE
"4310014801398",0,FALSE
"4310014805743",0.000865617538139485,TRUE
"4310014805751",0,FALSE
"4310014805790",0,FALSE
"4310015206794",0.000520070553899467,TRUE
"4310123549921",0.000611261171894446,TRUE
"4320000182463",0.00111934860570606,TRUE
"4320000493737",0,FALSE
"4320003635623",0.000873859378495348,TRUE
"4320008761268",0.000630066014003609,TRUE
"4320011854179",0.00068252249231861,TRUE
"4320012259008",0.000766617067544023,TRUE
"4320012296466",0.000767919980983922,TRUE
"4320012539108",0.000103944735100782,FALSE
"4320012792321",0.00105941076595636,TRUE
"4320012826988",0,FALSE
"4320013142127",0.000634594968979999,TRUE
"4320013855728",7.97987095117906e-05,FALSE
"4320014207969",0,FALSE
"4320014837211",0,FALSE
"4320014966058",0,FALSE
"4320014981209",0.00026337302739129,FALSE
"4320015139711",0.00166431631563743,TRUE
"4320015216941",0,FALSE
"4320015223214",0.00190802541204067,TRUE
"4320015734732",0.000389962690524574,FALSE
"4320015742411",0.000781111343346102,TRUE
"4320016623913",0.000529607211242629,TRUE
"4330010823966",0.00202664094955771,TRUE
"4330011946757",0.00136789069487675,TRUE
"4330012042585",0,FALSE
"4330012166926",0.00108825411260879,TRUE
"4330013128653",0.00210901224595877,TRUE
"4330013130046",0.00057661111493352,TRUE
"4330013182766",0.000417451123397107,TRUE
"4330013308204",0.000797270672711305,TRUE
"4330013622380",0.000690723561961068,TRUE
"4330014132559",0,FALSE
"4330014299662",0.00060331841407711,TRUE
"4330014419264",0.000504333545480418,TRUE
"4330014830436",0,FALSE
"4330014839486",0.000453305092883914,TRUE
"4330014997485",0.000775739499221648,TRUE
"4330015098932",0.0004572946858947,TRUE
"4330015210359",0.00024881181750223,FALSE
"4330015298436",0.000517812705813238,TRUE
"4330015901109",0.000930013141594575,TRUE
"4410014107983",0.000189311077492161,FALSE
"4420011714802",0,FALSE
"4420013278376",0.000654005930058103,TRUE
"4420015068627",0.000642026055010844,TRUE
"4440005807293",0.00085982125695479,TRUE
"4440008394249",0.000785640959561689,TRUE
"4440012732564",0.00251343258115041,TRUE
"4440014111120",0.00077736587412528,TRUE
"4440015433575",0,FALSE
"4440015994929",0.000657985796488601,TRUE
"4440016494315",0.00027041323020687,FALSE
"4460015924168",0.00148455378574708,TRUE
"4460016336663",0,FALSE
"4510012137780",0.0022252048372945,TRUE
"4510013792265",0,FALSE
"4510014199646",0.00199664284418663,TRUE
"4510014499306",0,FALSE
"4510015793370",0.000889577140840669,TRUE
"4520012588330",0.00140691989871171,TRUE
"4520012627712",0,FALSE
"4520014932781",0.000637627377796855,TRUE
"4520015966445",0.00205513851338311,TRUE
"4610013961460",0.000108047473425074,FALSE
"4610014717788",0.000523832579942597,TRUE
"4610016209860",0.000354338002780305,FALSE
"4620012615047",0.00155825855107553,TRUE
"4710011194827",0.000365135124393046,FALSE
"4710012856018",0,FALSE
"4710013296442",0.000745820278804979,TRUE
"4710013657172",8.48097768750378e-05,FALSE
"4710016024733",0.000771881377576259,TRUE
"4710016047232",0.000782877736745735,TRUE
"4720000222476",0.00264123746098795,TRUE
"4720005401701",0,FALSE
"4720005405174",0,FALSE
"4720005551845",0.000734154017735653,TRUE
"4720006188290",0.000225940040995748,FALSE
"4720011704691",0.0006043407008948,TRUE
"4720013208222",0.00383538505189002,TRUE
"4720014774962",0.00294104177118005,TRUE
"4720014889388",0.00086691073878583,TRUE
"4720015020393",0.00185467056409499,TRUE
"4720015376368",0,FALSE
"4720015403595",0.000789386873084383,TRUE
"4720015410782",0.00248564122220869,TRUE
"4720015585005",0,FALSE
"4720015587357",0,FALSE
"4720015693845",0.000743124968865889,TRUE
"4720015895070",0.000779237585789503,TRUE
"4720016206892",0.000773832168870313,TRUE
"4720016277512",0.000497174948632262,TRUE
"4720016282062",0.000997030449656466,TRUE
"4720016724097",0.000339217297712328,FALSE
"4730000359039",0.000412522023915883,TRUE
"4730003788557",0.000748163469047194,TRUE
"4730004327205",0,FALSE
"4730005547737",0.000189560369753263,FALSE
"4730005699118",0,FALSE
"4730010312839",0.00131283472796734,TRUE
"4730010478125",0.000364938045868392,FALSE
"4730010495782",0,FALSE
"4730010596367",0.000768136594360174,TRUE
"4730010672593",0.000639010205009355,TRUE
"4730011430167",0.00145801588365872,TRUE
"4730013118435",0.000116036751155693,FALSE
"4730013207111",0.000160982502957119,FALSE
"4730013399745",0.000659822711268076,TRUE
"4730013932769",0.000747264264468134,TRUE
"4730013934637",0.000253874533203379,FALSE
"4730014391342",0.00306531248422932,TRUE
"4730014416400",0.00173689391162952,TRUE
"4730014605028",0.000613354828946672,TRUE
"4730014747702",0.000763322917160977,TRUE
"4730015636104",0.000748062362023903,TRUE
"4730015647505",0.000756785869999799,TRUE
"4730015734888",0.000761278972888184,TRUE
"4730015948505",0,FALSE
"4730219129463",0.000741047058372576,TRUE
"4730219129467",0.000434488868286903,TRUE
"4810000074738",0.00190674590140621,TRUE
"4810011120428",0,FALSE
"4810011183168",0.00122125570023033,TRUE
"4810011689487",0.000392875670007628,FALSE
"4810011780432",0,FALSE
"4810012221763",0.000757606482838906,TRUE
"4810012582249",0.0010003612648053,TRUE
"4810012830806",0,FALSE
"4810014081583",0.0019407836757914,TRUE
"4810014533136",0.00186730693395993,TRUE
"4810014775008",0,FALSE
"4810015291148",0.000774612815585447,TRUE
"4810015394781",0.00111293273649195,TRUE
"4810016321174",0.000387564718474961,FALSE
"4820008863802",0.000130208647453962,FALSE
"4820009808475",0.000133821482229152,FALSE
"4820010337233",0.000218914053961587,FALSE
"4820010820630",0.000861718216567412,TRUE
"4820011681872",0,FALSE
"4820011801755",0.000387991190981913,FALSE
"4820011854366",0.000179741836663263,FALSE
"4820011931869",0.00100063477105159,TRUE
"4820011978315",0,FALSE
"4820012517620",0,FALSE
"4820012887178",0.000638970431267901,TRUE
"4820012948125",0.00126069383991981,TRUE
"4820013229744",0.00448142250589249,TRUE
"4820013265839",0.000117374241738037,FALSE
"4820013265840",9.00054441273208e-05,FALSE
"4820013481815",0,FALSE
"4820013764444",0.000416239525694557,TRUE
"4820013961934",0.00237095688950083,TRUE
"4820013995660",0.000613470981650365,TRUE
"4820014070948",0,FALSE
"4820014343339",0.000778117497967353,TRUE
"4820014552574",0.00183914417637838,TRUE
"4820014573322",0.000274821583060941,FALSE
"4820014587035",0,FALSE
"4820014729079",0,FALSE
"4820014758411",0.000804196120821764,TRUE
"4820014787178",0,FALSE
"4820014791601",0.00342110287126097,TRUE
"4820014806173",0.000293015829684266,FALSE
"4820014828802",0.000365519400410323,FALSE
"4820014864802",0.000901629246422081,TRUE
"4820015113703",0.000689016324288928,TRUE
"4820015182444",0.00134137495426499,TRUE
"4820015224027",0.000171316405906657,FALSE
"4820015279051",0.000639627780122314,TRUE
"4820015374846",0.000575225297749542,TRUE
"4820015567253",0.000557293240209271,TRUE
"4820015583404",0.000519819384619114,TRUE
"4820015966798",0.000325151696606366,FALSE
"4930011474185",0,FALSE
"4930011503807",0.000496909360129935,TRUE
"4930011650829",0.00138861282758521,TRUE
"4930011751425",0.00096394460099226,TRUE
"4930012380258",0,FALSE
"4930013605540",0,FALSE
"4930014838060",0.0010470880910284,TRUE
"4930015478558",0.00110822724638585,TRUE
"4930016282128",6.48752699640754e-05,FALSE
"4930016282211",7.93799030285463e-05,FALSE
"4940015677391",0.00212497486478876,TRUE
"4940016299499",0,FALSE
"5120014298084",0.00123474772415904,TRUE
"5180015038251",0,FALSE
"5210015623432",0,FALSE
"5305011230886",0.00309987036880857,TRUE
"5305015399125",0.000766604262479654,TRUE
"5305015691803",0,FALSE
"5305015725307",0,FALSE
"5305015765623",0.000275622897994898,FALSE
"5305015896750",0.000664504908956665,TRUE
"5305015909693",0.00196932631894159,TRUE
"5305016008172",0,FALSE
"5305016612462",0,FALSE
"5305016618159",0.000584471365796295,TRUE
"5306007954390",0.00395258688318168,TRUE
"5306012827744",0.000296389074561191,FALSE
"5306014442249",0.000770186060921778,TRUE
"5306015976731",0,FALSE
"5307013003377",0,FALSE
"5310015083285",0,FALSE
"5310016024470",0.000239020428133821,FALSE
"5310016610957",0,FALSE
"5310016618090",0.000758935759541713,TRUE
"5315013661410",0.00102388914298491,TRUE
"5315014541231",0.000717712522687178,TRUE
"5315014783882",0.00101281855623855,TRUE
"5315015470652",0.000271042125798381,FALSE
"5315015673001",0,FALSE
"5315016047600",0.000191339720494176,FALSE
"5320011744620",0.000845351095932552,TRUE
"5320013995801",0.000664651798076151,TRUE
"5325015938645",0.000926857082297169,TRUE
"5330006211300",0,FALSE
"5330010422696",0.000782773490163646,TRUE
"5330013899771",0.000883623576739832,TRUE
"5330014631165",0.0026562332587364,TRUE
"5330014681468",0.000772423792373573,TRUE
"5330015400077",0,FALSE
"5330016102311",0.000792292761622191,TRUE
"5330016446132",0.000301288495376329,FALSE
"5331013302893",0.000748801071258455,TRUE
"5331014176179",0,FALSE
"5331992418130",0.000733258470147939,TRUE
"5340011066555",0.000235666806300238,FALSE
"5340012767764",0.000653500334433079,TRUE
"5340013813279",0.00207029382129926,TRUE
"5340014520343",0,FALSE
"5340014946456",0,FALSE
"5340015397440",0.000995993203157539,TRUE
"5340016123676",7.16730597210027e-05,FALSE
"5342011835775",0.000857716882670931,TRUE
"5342012523828",0.0040986315629723,TRUE
"5342013475953",0.0011949807884754,TRUE
"5342015006856",0.000563160904539779,TRUE
"5342410012347",0.000625996996355584,TRUE
"5365013581629",0.000498899796693054,TRUE
"5430015277233",0.00079055254137586,TRUE
"5440016080019",0.00355604208560498,TRUE
"5825015571451",0.000349832555112397,FALSE
"5830004129206",0,FALSE
"5831009541559",0.000507717386673683,TRUE
"5865015230646",0.00042627827066698,TRUE
"5895016470931",0,FALSE
"5895016585987",0.000150971253032273,FALSE
"5905001019831",0.000777295613939538,TRUE
"5905001077735",0.00136064595676179,TRUE
"5905011247152",0.00133432318494938,TRUE
"5930000186659",0.00078345870728518,TRUE
"5930001563692",0.000215546766039704,FALSE
"5930002598952",0,FALSE
"5930003090816",0.000858015522929234,TRUE
"5930007322509",0,FALSE
"5930009584158",0,FALSE
"5930011104213",0.000170091748590786,FALSE
"5930011239389",0.00134951222120262,TRUE
"5930011557363",0.000573757995321014,TRUE
"5930011590119",0,FALSE
"5930011627316",0.000772238217726865,TRUE
"5930011732726",0.000591134282396167,TRUE
"5930011941125",0.000617871052461429,TRUE
"5930012086549",0,FALSE
"5930012102252",0.00290285031321193,TRUE
"5930012184673",0.000451516087176421,TRUE
"5930012188261",0.000860541237077779,TRUE
"5930012278262",0.000532216675882138,TRUE
"5930012313697",0,FALSE
"5930012859932",0.00123032947153549,TRUE
"5930013273007",0,FALSE
"5930013409143",0.000202841380285165,FALSE
"5930014109221",0,FALSE
"5930014162949",0.00103728224619823,TRUE
"5930014383071",0.000556672473871413,TRUE
"5930014526209",0.00128284074148351,TRUE
"5930014577371",0.000382654389344552,FALSE
"5930015285061",0.000771302865097423,TRUE
"5930015421952",0.000338668223838896,FALSE
"5930251500135",0.00261403493779126,TRUE
"5935011720901",0.00673561811492294,TRUE
"5935012385896",0.000249241440502124,FALSE
"5935012752972",0.000421568178233277,TRUE
"5935014668492",0.000276127337143381,FALSE
"5935015043817",0.00136418400181277,TRUE
"5935015590034",0,FALSE
"5935015871640",0.000394808237663377,FALSE
"5935016323948",0.000376408623203267,FALSE
"5940012795101",0,FALSE
"5940015255029",0.00078439070185803,TRUE
"5945009101299",0.000989915280139969,TRUE
"5945009706116",0.00236904650142081,TRUE
"5945011091276",0.000747558529630868,TRUE
"5945012138358",0,FALSE
"5945013662726",0.000907485906004239,TRUE
"5945015211806",0.00100374600643637,TRUE
"5950003937685",0.000893368146404535,TRUE
"5950012039305",0.000912847219492697,TRUE
"5950014469237",0,FALSE
"5950015516253",0.000471006662986692,TRUE
"5960014626267",0.00336975225297331,TRUE
"5961011654004",0.000256689200987897,FALSE
"5961012102668",0.000582960016617474,TRUE
"5965015190779",0.000624044940338374,TRUE
"5965015727797",0.000773316869495846,TRUE
"5965015727941",0.000788050422863605,TRUE
"5965016297447",0.00330796954932287,TRUE
"5965993602046",0,FALSE
"5970000891881",0,FALSE
"5970001447420",0.000820708769555534,TRUE
"5970002536021",0,FALSE
"5970003391292",0,FALSE
"5970004704574",0.00103798804432792,TRUE
"5970008813657",0.00240567344447983,TRUE
"5970010190739",0.00232988928238849,TRUE
"5970010380592",0,FALSE
"5970010444531",0,FALSE
"5970010850673",0.00152573634794365,TRUE
"5970010852845",0.000944108965236544,TRUE
"5970011230267",0.000349416741089131,FALSE
"5970011700869",0.000344663521713525,FALSE
"5970012178835",0.000253293552011479,FALSE
"5970012193948",0,FALSE
"5970012302978",0.000882290316055977,TRUE
"5970013194531",0.000276164175444121,FALSE
"5970013261660",0,FALSE
"5970014385583",0.00170660302454876,TRUE
"5970014682597",0.00116431172012042,TRUE
"5975015845182",0.00232109140111577,TRUE
"5977011909443",0.00135761259590926,TRUE
"5977013307326",0.00077994898774807,TRUE
"5977016468914",0.000609182795267594,TRUE
"5977016469894",0.000440595465949389,TRUE
"5980013805994",0.00117887551631282,TRUE
"5980014564523",0.00149922380540492,TRUE
"5985005199886",0.000886860144848762,TRUE
"5985011932299",0.000523081713188976,TRUE
"5985015209347",0.00068181941208236,TRUE
"5995014972606",0.000632036451055554,TRUE
"5995015140091",0.000769034408322242,TRUE
"5995016054174",0,FALSE
"5995016225093",0.000761299534302092,TRUE
"5995016414270",0.00109917533164768,TRUE
"5995016656760",0.000854107540424845,TRUE
"5996011799650",0,FALSE
"5998014876913",0.00045140486006178,TRUE
"5998014934364",0.000772415614374019,TRUE
"5998015193072",0,FALSE
"5998015274359",0,FALSE
"5998015285428",0.00280324434983071,TRUE
"5999012857911",0.000399373184730162,FALSE
"5999013429413",0.000612660603816723,TRUE
"5999015080218",0.00148150407039247,TRUE
"5999015296316",0.000343822998861958,FALSE
"5999015669369",0.0010772787860485,TRUE
"6080014499157",0.000522113706666802,TRUE
"6080015251218",0.000155292738016501,FALSE
"6105009972286",0.00112721030773861,TRUE
"6105011220605",0.00174779474646934,TRUE
"6110008037310",0,FALSE
"6110012467177",0.000786008798854431,TRUE
"6110014828997",0.000444956546297849,TRUE
"6110015292102",0,FALSE
"6110015296949",0.0016522609619069,TRUE
"6110015755104",0,FALSE
"6130014722231",0.00104246695436353,TRUE
"6130014966448",0.00160249709089273,TRUE
"6130015317576",0.000649737861859528,TRUE
"6130015669043",0.00172416889090259,TRUE
"6130016050809",0.000714811371140821,TRUE
"6130016167489",0.00114395358874342,TRUE
"6130016170382",0.00032756572670392,FALSE
"6130016180951",0.00086309046895954,TRUE
"6135014697574",0.00128092443255063,TRUE
"6135016048739",0.000760191608302404,TRUE
"6140001683803",0.00077609598518435,TRUE
"6140002022978",0.000762594675414968,TRUE
"6140010891070",0.000509896062552513,TRUE
"6140011082159",0.00090619008945641,TRUE
"6140011361048",0.000922730560246485,TRUE
"6140011494810",0,FALSE
"6140011592241",0.000473791792906184,TRUE
"6140012637799",0.0011610491779153,TRUE
"6140013107173",0.000627712519140955,TRUE
"6140013143791",0.00115563917168874,TRUE
"6140013370210",0,FALSE
"6140013606488",0.000491604331453625,TRUE
"6140013710519",0.00126540626757565,TRUE
"6140013962070",0.000747346327189214,TRUE
"6140014327882",0.000883897345009467,TRUE
"6140014538592",0.00198217204944592,TRUE
"6140014551694",0.00137908142399773,TRUE
"6140014572420",0.000651125304406419,TRUE
"6140014572671",0.00100978620088896,TRUE
"6140014574221",0.000275425302319227,FALSE
"6140014574279",0.000511627332174113,TRUE
"6140014574297",0,FALSE
"6140014575280",0.00041406907533837,TRUE
"6140014594084",0.000352708578425748,FALSE
"6140014698866",0.00193872214351909,TRUE
"6140014737857",0,FALSE
"6140014847670",0.00263962028731497,TRUE
"6140015125788",0.00113849316704428,TRUE
"6140015152724",0.000490898590898268,TRUE
"6140015189572",0,FALSE
"6140015316834",0,FALSE
"6140015335654",0.00125052712763223,TRUE
"6140015417245",0.00169948138796437,TRUE
"6140015446731",0.00034619572493399,FALSE
"6140015669148",0.000623981407561834,TRUE
"6140015860618",0.00244991421242772,TRUE
"6140015890622",0.00114812007953315,TRUE
"6140015905288",0.00113321410345727,TRUE
"6140016009507",0.00186161243010352,TRUE
"6140016009562",0.000958802384541791,TRUE
"6140016161853",0.000645301474798255,TRUE
"6140016195434",0,FALSE
"6140016249682",0,FALSE
"6140016281117",0,FALSE
"6140016591236",0.000509261157665635,TRUE
"6150005534077",0.000780477606123052,TRUE
"6150014749297",0.00138520875812279,TRUE
"6150014971960",0,FALSE
"6150015611687",0.00115539558129108,TRUE
"6150015802340",0.00111675816475329,TRUE
"6150991338571",0.0010585732277745,TRUE
"6160015754449",0.000902239518914032,TRUE
"6210011732943",0.000282639010744299,FALSE
"6210015160294",0.0012027575859342,TRUE
"6220006912409",0.000515663888869837,TRUE
"6220008013872",0.0028698680751918,TRUE
"6220014691234",0.000206733968805369,FALSE
"6220015663669",0,FALSE
"6220015664110",0.000364345938662065,FALSE
"6220015858358",0.00158530859064267,TRUE
"6220015858366",0.000776338951701719,TRUE
"6230014929009",0,FALSE
"6230015759207",0.00100326854660453,TRUE
"6230015911594",0.000197192731719909,FALSE
"6230016134312",0.000170163724174225,FALSE
"6230016179616",0.000729489681638258,TRUE
"6230016591457",0.000603254999303502,TRUE
"6230016629886",0.0022624901537777,TRUE
"6240014555542",0.000771109723031573,TRUE
"6240015382211",0.000398731743664878,FALSE
"6240016500055",0.00458900643803437,TRUE
"6320016057058",0.000748021118888418,TRUE
"6320016057059",0.0012760312626256,TRUE
"6350015287083",0.000778819652768343,TRUE
"6350016478473",0.000242497346259127,FALSE
"6505001538480",0.00271405270840264,TRUE
"6505002056513",0.000905189972597841,TRUE
"6505009143593",0.000647601680716605,TRUE
"6505010750679",0.000624638549765834,TRUE
"6505011893973",0.000998975239583689,TRUE
"6505012564972",0.000718488245991346,TRUE
"6505013306252",0.00135003869439421,TRUE
"6505013306267",0.00103354997724627,TRUE
"6505013308924",0.00102350123628633,TRUE
"6505014622984",0.00114127904504807,TRUE
"6505015500877",0.00072128628908095,TRUE
"6505015981854",0.00150161619751016,TRUE
"6505016003398",0.000533902946005848,TRUE
"6505016265774",0.00145312651835616,TRUE
"6505016462701",0.00154323232385592,TRUE
"6509011947255",0.000754645966933147,TRUE
"6510000186184",0.000388817448325613,FALSE
"6510000547255",7.1033891625326e-05,FALSE
"6510000584421",0.00191759654633852,TRUE
"6510001161285",0.00113396734165787,TRUE
"6510002007015",0.00139326929850005,TRUE
"6510005827993",0.00135587903268671,TRUE
"6510005977469",0.000736153067457335,TRUE
"6510007615062",0.000738119350749956,TRUE
"6510007755706",0.000376611590866411,FALSE
"6510008901370",0,FALSE
"6510008901371",0.00043227383009715,TRUE
"6510008901372",0.0013975207828024,TRUE
"6510009135874",0,FALSE
"6510009268882",0.000772314628845859,TRUE
"6510009355823",0,FALSE
"6510009862942",0.00111917065042297,TRUE
"6510010037697",0.00128330494914593,TRUE
"6510010475619",0.00122619058728999,TRUE
"6510010601639",0.00100888761223108,TRUE
"6510010888465",0,FALSE
"6510011621558",0.000772631714973247,TRUE
"6510011940252",0.00048886673411569,TRUE
"6510012211495",0.000762116413222593,TRUE
"6510012935596",0.000530969288776016,TRUE
"6510013259771",0.00109939290936528,TRUE
"6510013942525",0.000489162662807709,TRUE
"6510014340928",0.00252426731740112,TRUE
"6510014600849",0.00176205121150351,TRUE
"6510014701305",0.00129720334063189,TRUE
"6510014833333",0.000491669806129255,TRUE
"6510014922275",0.00147109197596917,TRUE
"6510014977675",0.000259116611818819,FALSE
"6510015032117",0,FALSE
"6510015144581",0.00116009387630674,TRUE
"6510015168714",0.000918966935786565,TRUE
"6510015227376",0.000172561115018098,FALSE
"6510015305453",0.000401698956930265,FALSE
"6510015326656",0.00161803400505633,TRUE
"6510015328019",0.00129139176470638,TRUE
"6510015418121",0.000480810904948326,TRUE
"6510015584114",0.00171939963875239,TRUE
"6510015623325",0.00136883297886762,TRUE
"6510015719729",0.00028603272043332,FALSE
"6510015730300",0.000508708527050246,TRUE
"6510015810553",0.000995488090833614,TRUE
"6510015876579",0.00181887275735964,TRUE
"6510015981988",0.00128167459725936,TRUE
"6510016264394",0.00126282069128045,TRUE
"6510016309177",0.00149018083185616,TRUE
"6510016426212",0.00137099898300587,TRUE
"6510016527215",0.000647847221339482,TRUE
"6510016697885",0.000263891216353192,FALSE
"6515000511950",0.00191570810994008,TRUE
"6515001050720",0.000735514370062889,TRUE
"6515001050744",0.000382366635637775,FALSE
"6515003245500",0.000429494121072796,TRUE
"6515003344900",0,FALSE
"6515003345600",0,FALSE
"6515004588411",0.00113816170384688,TRUE
"6515005648242",0.00222367492040426,TRUE
"6515006878052",0.00101668795182808,TRUE
"6515007628902",0.00104138590482382,TRUE
"6515007777340",0.000785926052401315,TRUE
"6515010172177",0.000657809702077279,TRUE
"6515010369070",0.0011719017682637,TRUE
"6515010369071",0.000665237237627275,TRUE
"6515010390164",0.000749193754763289,TRUE
"6515010985805",0.000803406171626639,TRUE
"6515011132653",0.000633703098856065,TRUE
"6515011216480",0.000902703833424326,TRUE
"6515011562936",0.000902445687673801,TRUE
"6515011642895",0.00183644359553704,TRUE
"6515011643038",0.00132827858735851,TRUE
"6515011643061",0.000604376837945082,TRUE
"6515011721090",0.000505473498049436,TRUE
"6515011767576",0.000948406760980486,TRUE
"6515012116819",0.000813675464143532,TRUE
"6515012259239",0.000665779168355672,TRUE
"6515012346838",0.000765966966317484,TRUE
"6515012674669",0.00135970833236655,TRUE
"6515012761417",0.00293709621518626,TRUE
"6515012888079",0.000649729254097546,TRUE
"6515013093477",0.00101519952661424,TRUE
"6515013093551",0,FALSE
"6515013100670",0,FALSE
"6515013101698",0,FALSE
"6515013110419",6.77735244150647e-05,FALSE
"6515013146694",0.000522868326384051,TRUE
"6515013236531",7.98309023137586e-05,FALSE
"6515013317295",0,FALSE
"6515013333165",0.00103112937743645,TRUE
"6515013343346",0.0010298581160473,TRUE
"6515013429182",0.00112967195439788,TRUE
"6515013432145",0.000750161148483095,TRUE
"6515013543970",0.000648358981538894,TRUE
"6515013549479",0.000487356922421896,TRUE
"6515013553931",0.000746103569225503,TRUE
"6515013636545",0.000909546173845215,TRUE
"6515013641047",0.000895379804436563,TRUE
"6515013641461",0.000285944573245171,FALSE
"6515013652119",0.000420588253118887,TRUE
"6515013682874",0.000360389278578549,FALSE
"6515013738659",0.00016210949679064,FALSE
"6515013750123",0.00103302888527488,TRUE
"6515013881351",0.000881405214573574,TRUE
"6515013981042",0.000860259514712883,TRUE
"6515014196393",0,FALSE
"6515014311214",0.000306019071579829,FALSE
"6515014476398",0.00085888612168297,TRUE
"6515014524435",0.000473661180384535,TRUE
"6515014570271",0.000636756062583247,TRUE
"6515014575905",0.00174440618726652,TRUE
"6515014587025",0.00103423307722047,TRUE
"6515014607918",0.000364386971449403,FALSE
"6515014615798",0.000927406469632444,TRUE
"6515014621607",0.000479069997810006,TRUE
"6515014626186",0.000751744410581561,TRUE
"6515014663004",0.000908325742388104,TRUE
"6515014669164",0.000416916518828995,TRUE
"6515014738678",0.000505824021494841,TRUE
"6515014770878",0.000622875874883433,TRUE
"6515014776078",7.88990375308136e-05,FALSE
"6515014776141",0.000744632703181671,TRUE
"6515014801379",0.00038154150270922,FALSE
"6515014806610",0.00116749177261365,TRUE
"6515014807864",0.000928249989213524,TRUE
"6515014829029",0.00135005304619275,TRUE
"6515014915719",0.00149328082005767,TRUE
"6515014942085",0.00222218145685027,TRUE
"6515014942435",0.00138659311509984,TRUE
"6515014970680",0.00102892867659089,TRUE
"6515015005746",0.000515538692156736,TRUE
"6515015013053",0.0012435987714125,TRUE
"6515015013063",0.00111096084789462,TRUE
"6515015046091",0.00236176532607136,TRUE
"6515015046096",0,FALSE
"6515015068786",0.000151952736735019,FALSE
"6515015138380",0,FALSE
"6515015139497",0.000644004408014901,TRUE
"6515015150197",0.00102905897007616,TRUE
"6515015161581",0.00251935496787885,TRUE
"6515015161585",0.000374788611636854,FALSE
"6515015161595",0.00078880408182872,TRUE
"6515015163120",0.000655633290896408,TRUE
"6515015168732",0.00126539524468488,TRUE
"6515015173299",0.000863647474336216,TRUE
"6515015183306",0.000764262538449234,TRUE
"6515015183823",0.000941515460400149,TRUE
"6515015188551",0.00092083109242263,TRUE
"6515015188593",0.000636378448032742,TRUE
"6515015188597",0.00151074154075556,TRUE
"6515015188603",0.00038520622465923,FALSE
"6515015193952",0.00061182864384568,TRUE
"6515015196347",0.00103503646022883,TRUE
"6515015196348",0.00115513632499577,TRUE
"6515015196766",0.000896365485183783,TRUE
"6515015213051",7.64339495732252e-05,FALSE
"6515015217976",0.00149416639867976,TRUE
"6515015235969",0.000623702911120784,TRUE
"6515015238458",0.000415638451896138,TRUE
"6515015238459",0.000647584591097333,TRUE
"6515015238467",0.000924278429042656,TRUE
"6515015291187",0.000763981090120795,TRUE
"6515015300781",0.000242206621034736,FALSE
"6515015301102",0.0003902479442809,FALSE
"6515015306147",0.000699965167036529,TRUE
"6515015324146",0.000745298281783453,TRUE
"6515015328056",0.00308282734658069,TRUE
"6515015371534",0.00125734765836569,TRUE
"6515015388302",0.00092178359914918,TRUE
"6515015389276",0.00112967315721829,TRUE
"6515015407568",0.00113838077195487,TRUE
"6515015409081",0.00111276137460046,TRUE
"6515015409946",0.00171701452287096,TRUE
"6515015410635",0.00127938876480292,TRUE
"6515015418147",0.00128815956080724,TRUE
"6515015427937",0.00117657535303196,TRUE
"6515015458866",0.000786862794755088,TRUE
"6515015475802",0.000862091555153787,TRUE
"6515015496448",0.00171061420405589,TRUE
"6515015496457",0.000818698732210516,TRUE
"6515015550446",0.000885419687212704,TRUE
"6515015725151",0.000410621774505842,TRUE
"6515015731577",0,FALSE
"6515015752772",0.00134663953732363,TRUE
"6515015757781",0,FALSE
"6515015862332",0.00102906819372024,TRUE
"6515015865431",0.00113917762182272,TRUE
"6515015875717",0.00116587832688386,TRUE
"6515015884464",0.00128966289523227,TRUE
"6515015890946",0.00112728291082557,TRUE
"6515015900815",0,FALSE
"6515015915707",0,FALSE
"6515015927709",0.000588713322671597,TRUE
"6515015934841",0.00150995240404277,TRUE
"6515015965035",0.00124714837908719,TRUE
"6515015966391",0.000155526792659687,FALSE
"6515015978894",0.000400292651454723,FALSE
"6515015981877",0.000520858158787348,TRUE
"6515015989737",7.83732307373422e-05,FALSE
"6515016000262",0.000917859569037106,TRUE
"6515016001916",0.000487422742361567,TRUE
"6515016064549",0.00128909013788649,TRUE
"6515016064552",0.00105276321918472,TRUE
"6515016064558",0.00141508430348419,TRUE
"6515016064560",0.00092554022194232,TRUE
"6515016064565",0.00125245442567767,TRUE
"6515016064568",0.00113594016324354,TRUE
"6515016083272",0.000992207464040287,TRUE
"6515016116760",0.000658196508318907,TRUE
"6515016127325",0.000917305581393381,TRUE
"6515016131594",0.00115267994116322,TRUE
"6515016139309",0.000802085415098395,TRUE
"6515016144641",0.000906171146481137,TRUE
"6515016187475",0.00126662000011745,TRUE
"6515016193352",0.00103870941273793,TRUE
"6515016194176",0.00067496810282106,TRUE
"6515016209271",0.000647750854027561,TRUE
"6515016220172",7.60798828567425e-05,FALSE
"6515016221984",0.0012560260371894,TRUE
"6515016222539",0.00102673405438337,TRUE
"6515016235904",0.0016045714615193,TRUE
"6515016270247",0.000272962017507521,FALSE
"6515016301354",0.000538448927658655,TRUE
"6515016303528",0.000801806616592855,TRUE
"6515016303529",0.00053897656061722,TRUE
"6515016322087",0,FALSE
"6515016322155",0.000506132615192123,TRUE
"6515016324179",0.000255350661100595,FALSE
"6515016460756",0,FALSE
"6515016469750",0.000770224204751586,TRUE
"6515016475068",0.00119046105580697,TRUE
"6515016475433",0.000384845170306405,FALSE
"6515016475456",0.000142403165835925,FALSE
"6515016478401",0.00116263424396686,TRUE
"6515016523451",0.000901235176015023,TRUE
"6515016525157",0.00026209885075217,FALSE
"6515016528523",0.00124182430791905,TRUE
"6515016579792",0.00126812918444476,TRUE
"6515016584300",0.000787137811178376,TRUE
"6515016611786",0.00127124250522067,TRUE
"6515016685279",0.00016574080143014,FALSE
"6515016687872",0.000370869133024572,FALSE
"6515016715639",0.000763569539862581,TRUE
"6515016715645",0.000762800654985863,TRUE
"6515200076339",0.00129310339899063,TRUE
"6520009357254",0.000276802272683385,FALSE
"6520010032260",0.001047868166658,TRUE
"6520010032270",0.000936935617316412,TRUE
"6520011536109",0.000862578319997465,TRUE
"6520015207333",0.00128680792009999,TRUE
"6520015602615",0.000886991124997157,TRUE
"6520016033451",0.00114986722267055,TRUE
"6520016553427",0.000236741513160913,FALSE
"6525006047925",0.00101508944485644,TRUE
"6530000797039",0.00164000685045815,TRUE
"6530004808286",0.000518117484611221,TRUE
"6530007939945",0.000395909727736678,FALSE
"6530010324089",0.00148739782151633,TRUE
"6530012125343",0,FALSE
"6530013049762",0.000535830373932173,TRUE
"6530013880172",0.000768149808504345,TRUE
"6530014618177",0.00328893392558467,TRUE
"6530014723860",0.000402222493317015,FALSE
"6530014726796",0.000171434460559732,FALSE
"6530014924079",0.0011728881332848,TRUE
"6530015463561",0.00102498984499609,TRUE
"6530015480262",0.000907890421713943,TRUE
"6530015480940",0.00162200292220438,TRUE
"6530015660658",0.00170589601951889,TRUE
"6530015882449",0.000802440070422272,TRUE
"6530015922625",7.82720818722828e-05,FALSE
"6530015985914",0.00242664093112896,TRUE
"6530016007741",0.000668717114356938,TRUE
"6530016008186",0.00297257156198602,TRUE
"6530016062228",0.000924965396373761,TRUE
"6530016202574",0.000267889043591872,FALSE
"6530016534261",0.000382743449158985,FALSE
"6530016535436",0.000654266752441358,TRUE
"6530016649948",0,FALSE
"6530200077100",0.000482527490267112,TRUE
"6532010196933",0,FALSE
"6532011464269",0.000399979622025957,FALSE
"6532015328007",0.00200207335048312,TRUE
"6532016528496",0.000667249676440274,TRUE
"6532016536054",0.00140060355808563,TRUE
"6540002998186",0.000612494292348148,TRUE
"6540005988077",0.000625560882975666,TRUE
"6540005988078",0,FALSE
"6540010793516",0.000265506028927544,FALSE
"6540012901157",0.000967173516568251,TRUE
"6540014421950",0,FALSE
"6540014862485",0.000611109146315509,TRUE
"6540015188374",0.000258400760462986,FALSE
"6540016025323",0.000985492307214024,TRUE
"6545013958558",0.00124770523019325,TRUE
"6545014331515",0.000649928016207886,TRUE
"6545014338399",0.000763878864811744,TRUE
"6545015127231",0.000624858818237871,TRUE
"6545015147586",0.000643842492590892,TRUE
"6545015294185",0.00152863456446911,TRUE
"6545015435721",0.0011298840415704,TRUE
"6545015491053",0.000759126561773281,TRUE
"6545015727248",0.00135845901378107,TRUE
"6545015842561",0.00148216209954625,TRUE
"6545015871199",0.00148714222067326,TRUE
"6545016482705",0.00125740630155789,TRUE
"6545016483228",0.00113723755416136,TRUE
"6550010345640",0.000931701201651929,TRUE
"6550010956757",0.000662714278873762,TRUE
"6550011028261",0.000263339560956408,FALSE
"6550011621523",0.0007619310407283,TRUE
"6550012045367",0.000256886890085513,FALSE
"6550012215400",0.00121175655477533,TRUE
"6550012694302",0.000518008428710903,TRUE
"6550012888056",0.00102715982825439,TRUE
"6550013390615",0.000780783986236925,TRUE
"6550013519253",0.000607403914465616,TRUE
"6550014521775",0.00125062971104791,TRUE
"6550014607597",0.000268806934432131,FALSE
"6550014695524",0.000761076733517187,TRUE
"6550014740651",0.000754730586170278,TRUE
"6550014842014",0,FALSE
"6550015033032",0.00163574519335795,TRUE
"6550015073726",0.00116713587381358,TRUE
"6550015195566",0.000335848125582805,FALSE
"6550015195569",0.000979170441713877,TRUE
"6550015244560",0.0010249218641857,TRUE
"6550015281046",0.000898580154877604,TRUE
"6550015301704",0.000385312732658301,FALSE
"6550015308336",0.00145992258876972,TRUE
"6550015332811",0.000866650250056044,TRUE
"6550015416661",0.000855645151835356,TRUE
"6550015515327",0.00089346568011827,TRUE
"6550015571581",0.000792153538254567,TRUE
"6550015633408",0.00149356722534965,TRUE
"6550015661504",0,FALSE
"6550015746831",0.000275397295031594,FALSE
"6550015746867",0.000655057388528218,TRUE
"6550016027751",0.000892197616067668,TRUE
"6550016071834",0.000170440359646238,FALSE
"6550016211932",0.000746415626080418,TRUE
"6550016211941",0.000667502932322919,TRUE
"6550016425011",8.25788730618124e-05,FALSE
"6550016479167",0.00075992256290508,TRUE
"6550016504412",0.000753536946198425,TRUE
"6605015716052",0.00200958585293053,TRUE
"6610006014985",0.00148499986729261,TRUE
"6620000674946",0.00167292530674584,TRUE
"6625012692463",0.00248589757940983,TRUE
"6625014969906",0,FALSE
"6630002449980",0.000497099620728969,TRUE
"6630002449981",0.000731074436777291,TRUE
"6630002449983",0.000264155892489944,FALSE
"6630002449984",0.000402667248721554,FALSE
"6630010351864",0.00162923270245036,TRUE
"6630010673827",0.00125469921712082,TRUE
"6630010685210",0.00261533100925679,TRUE
"6630010964792",0.000762182119952543,TRUE
"6630011885368",0.00117791070244413,TRUE
"6630014824375",0.00124512655591359,TRUE
"6630014829263",0.00140055722890228,TRUE
"6630014989902",0.00113270286219221,TRUE
"6630015242547",0.000629895124698602,TRUE
"6630015536159",0.00392228028606741,TRUE
"6630016222805",0,FALSE
"6630016230976",0.00071975980068518,TRUE
"6630016475529",0,FALSE
"6630016707480",0.00124977970223519,TRUE
"6635001878845",0,FALSE
"6640001451143",0.000737617362589643,TRUE
"6640001655851",0.000786399896793048,TRUE
"6640002900147",0.00101168763533487,TRUE
"6640004275250",0.00138246437827156,TRUE
"6640004429025",0.00100431755644122,TRUE
"6640010202755",0.00148435677619943,TRUE
"6640010459139",0.00023845356914043,FALSE
"6640010707877",0,FALSE
"6640010721980",0.000751828288746005,TRUE
"6640010839756",0.000466607926476029,TRUE
"6640010964951",0.000770057877568263,TRUE
"6640010965776",0.000751632279575429,TRUE
"6640010965777",0.00102716928068325,TRUE
"6640010967529",0.000912848702507519,TRUE
"6640010994066",0.0006376588729819,TRUE
"6640011250056",0.00143182440813652,TRUE
"6640011411222",0.000394100789237873,FALSE
"6640011885418",0.000360158167045542,FALSE
"6640012366956",0.00163243366296216,TRUE
"6640013289682",0.000495879825776321,TRUE
"6640013450909",0.000737730104340364,TRUE
"6640014546834",0.000640212760393635,TRUE
"6640014583706",0,FALSE
"6640014594425",0.000472979244168178,TRUE
"6640014730772",0.000916648475506231,TRUE
"6640014925120",7.31840888567441e-05,FALSE
"6640014975789",0.00143652275954124,TRUE
"6640015021866",0.000926943412427451,TRUE
"6640015312679",0.000152589459721805,FALSE
"6640015340792",0,FALSE
"6640015543502",0.000863868656358187,TRUE
"6640015667340",0.000486376411512189,TRUE
"6640015806765",0.000901149550633877,TRUE
"6640015888402",0,FALSE
"6640016091715",0,FALSE
"6640016105296",0.000789992785616722,TRUE
"6640016301887",0.000386535882434692,FALSE
"6640016422527",0.000989265729264724,TRUE
"6640016501144",0,FALSE
"6640016597176",0.000986485101348114,TRUE
"6645013900813",0.00124814930325604,TRUE
"6645015070208",0.000762352807481897,TRUE
"6645016031004",0.00161375634466579,TRUE
"6660005154214",0,FALSE
"6665014237764",0.000629822119785535,TRUE
"6665015094866",0.000880742676495884,TRUE
"6665016082667",0.00233025917896358,TRUE
"6665016083038",0.00124791580344687,TRUE
"6665016083322",0.00162078730335081,TRUE
"6665016084910",0.00076613738211103,TRUE
"6665016091302",0.00132577990319817,TRUE
"6665016175554",0,FALSE
"6665016285373",0.00173349601946528,TRUE
"6665016550372",0.00114529960107147,TRUE
"6665123891627",0.00291608727175915,TRUE
"6665124000688",0.000521648667596691,TRUE
"6670011819505",0.000329001258010838,FALSE
"6670015866238",7.18175816157314e-05,FALSE
"6680007808099",0.000368659385618413,FALSE
"6680010142020",0.000148186840879899,FALSE
"6680011206409",0.000170098330069928,FALSE
"6680011547845",0.00222326186290671,TRUE
"6680014949663",0.000214201719033464,FALSE
"6680014966098",0.00626759312792753,TRUE
"6685008859482",0.000867063766142047,TRUE
"6685010382451",0.00119523241574157,TRUE
"6685014669612",0,FALSE
"6685014705600",0,FALSE
"6685015032606",0.00112972272196239,TRUE
"6685015651292",0.000757533698734183,TRUE
"6685015831547",0.0026127121900113,TRUE
"6685016173372",6.8701261965334e-05,FALSE
"6685016277310",0.000762240240621035,TRUE
"6685150110655",0.000335549124556754,FALSE
"6695009862122",0.000885805677349881,TRUE
"6695015604764",0.00577332210170547,TRUE
"6830016088510",0.00147982286223464,TRUE
"6830016088520",0.0012789981588931,TRUE
"6830016093728",0.00211253668465554,TRUE
"6830016094134",0.00171331434599002,TRUE
"6830016094428",0.00222735897746334,TRUE
"6840013896088",0.000996217279481443,TRUE
"6850012165862",0.00094215236463282,TRUE
"6850015303396",0,FALSE
"6910013804892",0.000790012972067218,TRUE
"6910015305349",0.00113005872989952,TRUE
"6910015639681",0.000900665002018606,TRUE
"6910015793812",0,FALSE
"6910016126510",0.000262383709776705,FALSE
"6920011045596",0.000758471968993237,TRUE
"6920016256748",0.00213998523133443,TRUE
"6920016290823",0.000237803918122036,FALSE
"6920016421406",0.00262084626391221,TRUE
"6920016600348",0.000631156359627175,TRUE
"6930015858253",0.00070159274632387,TRUE
"7025015427311",0.000769653936075437,TRUE
"7025015659200",0,FALSE
"7025015795915",0.00322558563917592,TRUE
"7025015850000",0.00041329533371235,TRUE
"7025015859444",0.000895417390890535,TRUE
"7025016021552",0,FALSE
"7025016212622",0.00039537396588159,FALSE
"7050015114904",0,FALSE
"7050015890850",0.000508873691031638,TRUE
"7210014700025",0.00100356725652514,TRUE
"7310014519689",7.74814530792176e-05,FALSE
"7310015043419",0,FALSE
"7310015418053",0,FALSE
"7310015831320",0.00128158707657677,TRUE
"7310016436219",0.000483829539794939,TRUE
"7320008946095",0.000348754472816637,FALSE
"7320015333388",0.000173659325204742,FALSE
"7320015870875",7.3537478148336e-05,FALSE
"7320016198569",0,FALSE
"7350014674327",0.00075040555429276,TRUE
"7520013964722",0.000666284637666541,TRUE
"7690010774894",0.000732504426124808,TRUE
"7690012406572",0.000834698651727109,TRUE
"7690012410508",0.00124815994328353,TRUE
"7690012415214",0.000146045140791089,FALSE
"7690012797613",0.00152042241686715,TRUE
"7690013202613",0.000165830565394881,FALSE
"7690013423892",0,FALSE
"7690013864745",0.000354325150606058,FALSE
"7690013935797",0.00106528453044278,TRUE
"7690014577166",0.000916838334682854,TRUE
"7690016685478",0.00115278462203694,TRUE
"7830011399566",0.000886716373858358,TRUE
"8010001116384",0.00101680522321101,TRUE
"8010010573599",0.000871650223332904,TRUE
"8010011503046",0.0012636277334299,TRUE
"8010015505958",0.000392242873517561,FALSE
"8010015774143",0.00077985991559475,TRUE
"8020013827101",0.00150051715983753,TRUE
"8020015668652",0.00210365435092722,TRUE
"8020016091836",0.000228095529777275,FALSE
"8020016235376",0.000757336026271159,TRUE
"8030013694416",0,FALSE
"8040001450043",0.000617286771157823,TRUE
"8040001595021",0.000168812805391467,FALSE
"8040008001811",0.000926529595978476,TRUE
"8040011055610",0.000490510712085921,TRUE
"8040011230082",0.000923419753422989,TRUE
"8040012150980",0.000808526597745035,TRUE
"8040012685915",0.000166055059910213,FALSE
"8040013421510",7.87797279358457e-05,FALSE
"8040013477602",0.000530371646316277,TRUE
"8040014335250",0.000623995358808051,TRUE
"8040015108713",0.00181766623953312,TRUE
"8040016269988",0.00101191126791103,TRUE
"8145015029424",0.000401415409099572,FALSE
"8145015120923",0.000891562091988857,TRUE
"8145015121019",0.000772226280406738,TRUE
"8145015840796",0.00180068052243624,TRUE
"8145015860404",0.000760176715284461,TRUE
"8145015860408",0.000781739593937461,TRUE
"8145015883677",0.000760236597085932,TRUE
"8145015883678",0.000759328580431457,TRUE
"8145015986103",0.000380527728747953,FALSE
"8145016282425",0.00266155862235749,TRUE
"8150015136282",0.00102912793822684,TRUE
"8415012756400",0,FALSE
"8415012786986",0.0010057297034784,TRUE
"8415014488645",0.000745761007849205,TRUE
"8415014993002",0.000878911431873614,TRUE
"8465015148739",0,FALSE
"8465015501224",0.00139235649048191,TRUE
"8465015561000",0.00139157479349751,TRUE
"8465015587678",0,FALSE
"8520011494129",0.00116321410396538,TRUE
"9320011829220",0.00102749493731186,TRUE
"9320015252630",0.00016404426155804,FALSE
"9320016480281",0,FALSE
"9320016681668",0.00154863670507843,TRUE
"9330011792974",0.00113989084934578,TRUE
"9330012899652",0,FALSE
"9330013271335",0,FALSE
"9330015812003",0.00101416360540943,TRUE
"9390014497024",0.000475287645657041,TRUE
"9515002040220",0.000512941922944029,TRUE
"9535015692367",0.0019423926198857,TRUE
